Workbook

Sheet PlainAccidentes
A1: IdAccidente | B1: Fecha | C1: Hora | D1: IdInterseccion | E1: TipoAccidente | F1: TipoVehiculoResponsable | G1: VehiculosInvolucrados | H1: Heridos | I1: Fallecidos | J1: CondicionClimatica
A2: A001 | B2: 46189 | C2: 0.45055079 | D2: INT031 | E2: Volcamiento | F2: Taxi | G2: 1 | H2: 4 | I2: 2 | J2: Nublado
A3: A002 | B3: 46101 | C3: 0.048836569 | D3: INT052 | E3: Salida de vía | F3: Motocicleta | G3: 3 | H3: 3 | I3: 1 | J3: Soleado
A4: A003 | B4: 46036 | C4: 0.64904803 | D4: INT062 | E4: Choque entre vehículos | F4: Motocicleta | G4: 3 | H4: 2 | I4: 0 | J4: Lluvia intensa
A5: A004 | B5: 46110 | C5: 0.75127802 | D5: INT065 | E5: Atropello | F5: Taxi | G5: 1 | H5: 3 | I5: 0 | J5: Lluvia intensa
A6: A005 | B6: 46170 | C6: 0.077906004 | D6: INT023 | E6: Colisión con objeto fijo | F6: Tractocamión | G6: 3 | H6: 2 | I6: 2 | J6: Neblina
A7: A006 | B7: 46213 | C7: 0.88361344 | D7: INT013 | E7: Volcamiento | F7: Bus | G7: 2 | H7: 1 | I7: 1 | J7: Lluvia intensa
A8: A007 | B8: 46223 | C8: 0.96765812 | D8: INT055 | E8: Atropello | F8: Motocicleta | G8: 3 | H8: 2 | I8: 2 | J8: Soleado
A9: A008 | B9: 46043 | C9: 0.89021899 | D9: INT029 | E9: Salida de vía | F9: Taxi | G9: 2 | H9: 2 | I9: 1 | J9: Lluvia intensa
A10: A009 | B10: 46062 | C10: 0.093149474 | D10: INT094 | E10: Volcamiento | F10: Bus | G10: 2 | H10: 3 | I10: 2 | J10: Viento fuerte
A11: A010 | B11: 46191 | C11: 0.8563014 | D11: INT047 | E11: Salida de vía | F11: Motocicleta | G11: 2 | H11: 3 | I11: 2 | J11: Lluvia ligera
A12: A011 | B12: 46042 | C12: 0.28853131 | D12: INT034 | E12: Colisión con objeto fijo | F12: Bicicleta | G12: 1 | H12: 3 | I12: 0 | J12: Neblina
A13: A012 | B13: 46076 | C13: 0.31944037 | D13: INT016 | E13: Choque entre vehículos | F13: Taxi | G13: 2 | H13: 4 | I13: 1 | J13: Soleado
... A301: A300 | B301: 46225 | C301: 0.45128896 | D301: INT009 | E301: Choque entre vehículos | F301: Bicicleta | G301: 2 | H301: 2 | I301: 0 | J301: Neblina

Sheet PlainIntersecciones
A1: # | B1: IdInterseccion | C1: NombreInterseccion | D1: Ciudad | E1: Departamento | F1: EstadoVia | G1: Latitud | H1: Longitud | I1: TipoVia | J1: TipoInterseccion | K1: Semaforo | L1: LímiteVelocidad | M1: FlujoDiarioAprox
A2: 1 | B2: INT001 | C2: Intersección 1 | D2: Cúcuta | E2: Norte de Santander | F2: Bueno | G2: 4.279 | H2: -71.896 | I2: Local | J2: Retorno | K2: Sí | L2: 80 | M2: 8925
A3: 2 | B3: INT002 | C3: Intersección 2 | D3: Santa Marta | E3: Magdalena | F3: Malo | G3: 4.706 | H3: -73.764 | I3: Autopista | J3: Cruce en T | K3: Sí | L3: 100 | M3: 16994
A4: 3 | B4: INT003 | C4: Intersección 3 | D4: Bucaramanga | E4: Santander | F4: Regular | G4: 5.43 | H4: -73.95 | I4: Carretera nacional | J4: Intercambiador vial | K4: Sí | L4: 50 | M4: 49717
A5: 4 | B5: INT004 | C5: Intersección 4 | D5: Cali | E5: Valle del Cauca | F5: Bueno | G5: 5.258 | H5: -72.342 | I5: Local | J5: Retorno | K5: Sí | L5: 40 | M5: 20082
A6: 5 | B6: INT005 | C6: Intersección 5 | D6: Santa Marta | E6: Magdalena | F6: Bueno | G6: 5.209 | H6: -71.843 | I6: Carretera nacional | J6: Retorno | K6: No | L6: 80 | M6: 8061
A7: 6 | B7: INT006 | C7: Intersección 6 | D7: Cartagena | E7: Bolívar | F7: En mantenimiento | G7: 6.425 | H7: -71.86 | I7: Local | J7: Retorno | K7: Sí | L7: 80 | M7: 9466
A8: 7 | B8: INT007 | C8: Intersección 7 | D8: Bucaramanga | E8: Santander | F8: Regular | G8: 5.187 | H8: -71.957 | I8: Autopista | J8: Retorno | K8: No | L8: 40 | M8: 8708
A9: 8 | B9: INT008 | C9: Intersección 8 | D9: Cartagena | E9: Bolívar | F9: Bueno | G9: 5.943 | H9: -73.605 | I9: Arterial | J9: Cruce en X | K9: Sí | L9: 100 | M9: 42393
A10: 9 | B10: INT009 | C10: Intersección 9 | D10: Barranquilla | E10: Atlántico | F10: Excelente | G10: 5.067 | H10: -72.496 | I10: Avenida | J10: Cruce en X | K10: Sí | L10: 30 | M10: 13379
A11: 10 | B11: INT010 | C11: Intersección 10 | D11: Santa Marta | E11: Magdalena | F11: Excelente | G11: 5.483 | H11: -71.365 | I11: Carretera nacional | J11: Intercambiador vial | K11: Sí | L11: 40 | M11: 24148
A12: 11 | B12: INT011 | C12: Intersección 11 | D12: Medellín | E12: Antioquia | F12: Bueno | G12: 5.308 | H12: -72.552 | I12: Colectora | J12: Cruce en X | K12: No | L12: 100 | M12: 37451
A13: 12 | B13: INT012 | C13: Intersección 12 | D13: Medellín | E13: Antioquia | F13: Regular | G13: 6.607 | H13: -73.182 | I13: Carretera nacional | J13: Cruce en T | K13: No | L13: 60 | M13: 7526
... A101: 100 | B101: INT100 | C101: Intersección 100 | D101: Puerto Estrella | E101: La Guajira | F101: Regular | G101: 5.4823194 | H101: -73.336093 | I101: Carretera nacional | J101: Cruce en T | K101: No | L101: 30 | M101: 29595

Sheet Accidentes
A1: IdAccidente | B1: Fecha | C1: Hora | D1: IdInterseccion | E1: TipoAccidente | F1: TipoVehiculoResponsable | G1: VehiculosInvolucrados | H1: Heridos | I1: Fallecidos | J1: CondicionClimatica
A2: A001 | B2: 46189 | C2: 0.45055079 | D2: INT031 | E2: =VLOOKUP(RANDBETWEEN(1,8),TipoAccidente!A:C,3,0) -> Salida de vía | F2: =VLOOKUP(RANDBETWEEN(1,8),TipoAutomovilResponsable!A:C,3,0) -> Bicicleta | G2: =RANDBETWEEN(1,3) -> 3 | H2: 4 | I2: 2 | J2: =VLOOKUP(RANDBETWEEN(1,6),TipoClima!A:C,3,0) -> Nublado
A3: A002 | B3: 46101 | C3: 0.048836569 | D3: INT052 | E3: =VLOOKUP(RANDBETWEEN(1,8),TipoAccidente!A:C,3,0) -> Volcamiento | F3: =VLOOKUP(RANDBETWEEN(1,8),TipoAutomovilResponsable!A:C,3,0) -> Bus | G3: =RANDBETWEEN(1,3) -> 2 | H3: 3 | I3: 1 | J3: =VLOOKUP(RANDBETWEEN(1,6),TipoClima!A:C,3,0) -> Nublado
A4: A003 | B4: 46036 | C4: 0.64904803 | D4: INT062 | E4: =VLOOKUP(RANDBETWEEN(1,8),TipoAccidente!A:C,3,0) -> Volcamiento | F4: =VLOOKUP(RANDBETWEEN(1,8),TipoAutomovilResponsable!A:C,3,0) -> Motocicleta | G4: =RANDBETWEEN(1,3) -> 2 | H4: 2 | I4: 0 | J4: =VLOOKUP(RANDBETWEEN(1,6),TipoClima!A:C,3,0) -> Viento fuerte
A5: A004 | B5: 46110 | C5: 0.75127802 | D5: INT065 | E5: =VLOOKUP(RANDBETWEEN(1,8),TipoAccidente!A:C,3,0) -> Salida de vía | F5: =VLOOKUP(RANDBETWEEN(1,8),TipoAutomovilResponsable!A:C,3,0) -> Motocicleta | G5: =RANDBETWEEN(1,3) -> 3 | H5: 3 | I5: 0 | J5: =VLOOKUP(RANDBETWEEN(1,6),TipoClima!A:C,3,0) -> Viento fuerte
A6: A005 | B6: 46170 | C6: 0.077906004 | D6: INT023 | E6: =VLOOKUP(RANDBETWEEN(1,8),TipoAccidente!A:C,3,0) -> Volcamiento | F6: =VLOOKUP(RANDBETWEEN(1,8),TipoAutomovilResponsable!A:C,3,0) -> Bus | G6: =RANDBETWEEN(1,3) -> 1 | H6: 2 | I6: 2 | J6: =VLOOKUP(RANDBETWEEN(1,6),TipoClima!A:C,3,0) -> Soleado
A7: A006 | B7: 46213 | C7: 0.88361344 | D7: INT013 | E7: =VLOOKUP(RANDBETWEEN(1,8),TipoAccidente!A:C,3,0) -> Volcamiento | F7: =VLOOKUP(RANDBETWEEN(1,8),TipoAutomovilResponsable!A:C,3,0) -> Bus | G7: =RANDBETWEEN(1,3) -> 2 | H7: 1 | I7: 1 | J7: =VLOOKUP(RANDBETWEEN(1,6),TipoClima!A:C,3,0) -> Nublado
A8: A007 | B8: 46223 | C8: 0.96765812 | D8: INT055 | E8: =VLOOKUP(RANDBETWEEN(1,8),TipoAccidente!A:C,3,0) -> #N/A | F8: =VLOOKUP(RANDBETWEEN(1,8),TipoAutomovilResponsable!A:C,3,0) -> Automóvil | G8: =RANDBETWEEN(1,3) -> 3 | H8: 2 | I8: 2 | J8: =VLOOKUP(RANDBETWEEN(1,6),TipoClima!A:C,3,0) -> Neblina
A9: A008 | B9: 46043 | C9: 0.89021899 | D9: INT029 | E9: =VLOOKUP(RANDBETWEEN(1,8),TipoAccidente!A:C,3,0) -> #N/A | F9: =VLOOKUP(RANDBETWEEN(1,8),TipoAutomovilResponsable!A:C,3,0) -> Tractocamión | G9: =RANDBETWEEN(1,3) -> 2 | H9: 2 | I9: 1 | J9: =VLOOKUP(RANDBETWEEN(1,6),TipoClima!A:C,3,0) -> Nublado
A10: A009 | B10: 46062 | C10: 0.093149474 | D10: INT094 | E10: =VLOOKUP(RANDBETWEEN(1,8),TipoAccidente!A:C,3,0) -> #N/A | F10: =VLOOKUP(RANDBETWEEN(1,8),TipoAutomovilResponsable!A:C,3,0) -> Motocicleta | G10: =RANDBETWEEN(1,3) -> 3 | H10: 3 | I10: 2 | J10: =VLOOKUP(RANDBETWEEN(1,6),TipoClima!A:C,3,0) -> Nublado
A11: A010 | B11: 46191 | C11: 0.8563014 | D11: INT047 | E11: =VLOOKUP(RANDBETWEEN(1,8),TipoAccidente!A:C,3,0) -> #N/A | F11: =VLOOKUP(RANDBETWEEN(1,8),TipoAutomovilResponsable!A:C,3,0) -> Camión | G11: =RANDBETWEEN(1,3) -> 1 | H11: 3 | I11: 2 | J11: =VLOOKUP(RANDBETWEEN(1,6),TipoClima!A:C,3,0) -> Nublado
A12: A011 | B12: 46042 | C12: 0.28853131 | D12: INT034 | E12: =VLOOKUP(RANDBETWEEN(1,8),TipoAccidente!A:C,3,0) -> Salida de vía | F12: =VLOOKUP(RANDBETWEEN(1,8),TipoAutomovilResponsable!A:C,3,0) -> Camioneta | G12: =RANDBETWEEN(1,3) -> 1 | H12: 3 | I12: 0 | J12: =VLOOKUP(RANDBETWEEN(1,6),TipoClima!A:C,3,0) -> Soleado
A13: A012 | B13: 46076 | C13: 0.31944037 | D13: INT016 | E13: =VLOOKUP(RANDBETWEEN(1,8),TipoAccidente!A:C,3,0) -> Choque entre vehículos | F13: =VLOOKUP(RANDBETWEEN(1,8),TipoAutomovilResponsable!A:C,3,0) -> Camioneta | G13: =RANDBETWEEN(1,3) -> 2 | H13: 4 | I13: 1 | J13: =VLOOKUP(RANDBETWEEN(1,6),TipoClima!A:C,3,0) -> Lluvia ligera
... A301: A300 | B301: 46225 | C301: 0.45128896 | D301: INT009 | E301: =VLOOKUP(RANDBETWEEN(1,8),TipoAccidente!A:C,3,0) -> Volcamiento | F301: =VLOOKUP(RANDBETWEEN(1,8),TipoAutomovilResponsable!A:C,3,0) -> Automóvil | G301: =RANDBETWEEN(1,3) -> 2 | H301: 4 | I301: 0 | J301: =VLOOKUP(RANDBETWEEN(1,6),TipoClima!A:C,3,0) -> Lluvia intensa

Sheet Intersecciones
A1: # | B1: IdInterseccion | C1: NombreInterseccion | D1: Ciudad | E1: Departamento | F1: EstadoVia | G1: Latitud | H1: Longitud | I1: TipoVia | J1: TipoInterseccion | K1: Semaforo | L1: LímiteVelocidad | M1: FlujoDiarioAprox
A2: 1 | B2: INT001 | C2: Intersección 1 | D2: Cúcuta | E2: #VALUE! | F2: =VLOOKUP(RANDBETWEEN(1,5),EstadoVia!A:C,3,0) -> Excelente | G2: 4.279 | H2: -71.896 | I2: =VLOOKUP(RANDBETWEEN(1,6),TipoVia!A:C,3,0) -> Local | J2: =VLOOKUP(RANDBETWEEN(1,6),TipoIntersección!A:C,3,0) -> Paso a desnivel | K2: Sí | L2: =VLOOKUP(RANDBETWEEN(1,6),Limitevelocidad!A:C,3,0) -> 80 | M2: =RANDBETWEEN(5000,50000) -> 6667
A3: 2 | B3: INT002 | C3: Intersección 2 | D3: Santa Marta | E3: #VALUE! | F3: =VLOOKUP(RANDBETWEEN(1,5),EstadoVia!A:C,3,0) -> Excelente | G3: 4.706 | H3: -73.764 | I3: =VLOOKUP(RANDBETWEEN(1,6),TipoVia!A:C,3,0) -> Autopista | J3: =VLOOKUP(RANDBETWEEN(1,6),TipoIntersección!A:C,3,0) -> Glorieta | K3: Sí | L3: =VLOOKUP(RANDBETWEEN(1,6),Limitevelocidad!A:C,3,0) -> 40 | M3: =RANDBETWEEN(5000,50000) -> 11297
A4: 3 | B4: INT003 | C4: Intersección 3 | D4: Bucaramanga | E4: #VALUE! | F4: =VLOOKUP(RANDBETWEEN(1,5),EstadoVia!A:C,3,0) -> Malo | G4: 5.43 | H4: -73.95 | I4: =VLOOKUP(RANDBETWEEN(1,6),TipoVia!A:C,3,0) -> Colectora | J4: =VLOOKUP(RANDBETWEEN(1,6),TipoIntersección!A:C,3,0) -> Cruce en X | K4: Sí | L4: =VLOOKUP(RANDBETWEEN(1,6),Limitevelocidad!A:C,3,0) -> 30 | M4: =RANDBETWEEN(5000,50000) -> 15114
A5: 4 | B5: INT004 | C5: Intersección 4 | D5: Cali | E5: #VALUE! | F5: =VLOOKUP(RANDBETWEEN(1,5),EstadoVia!A:C,3,0) -> Malo | G5: 5.258 | H5: -72.342 | I5: =VLOOKUP(RANDBETWEEN(1,6),TipoVia!A:C,3,0) -> Autopista | J5: =VLOOKUP(RANDBETWEEN(1,6),TipoIntersección!A:C,3,0) -> Retorno | K5: Sí | L5: =VLOOKUP(RANDBETWEEN(1,6),Limitevelocidad!A:C,3,0) -> 100 | M5: =RANDBETWEEN(5000,50000) -> 13223
A6: 5 | B6: INT005 | C6: Intersección 5 | D6: Santa Marta | E6: #VALUE! | F6: =VLOOKUP(RANDBETWEEN(1,5),EstadoVia!A:C,3,0) -> Bueno | G6: 5.209 | H6: -71.843 | I6: =VLOOKUP(RANDBETWEEN(1,6),TipoVia!A:C,3,0) -> Colectora | J6: =VLOOKUP(RANDBETWEEN(1,6),TipoIntersección!A:C,3,0) -> Glorieta | K6: No | L6: =VLOOKUP(RANDBETWEEN(1,6),Limitevelocidad!A:C,3,0) -> 60 | M6: =RANDBETWEEN(5000,50000) -> 48767
A7: 6 | B7: INT006 | C7: Intersección 6 | D7: Cartagena | E7: #VALUE! | F7: =VLOOKUP(RANDBETWEEN(1,5),EstadoVia!A:C,3,0) -> En mantenimiento | G7: 6.425 | H7: -71.86 | I7: =VLOOKUP(RANDBETWEEN(1,6),TipoVia!A:C,3,0) -> Arterial | J7: =VLOOKUP(RANDBETWEEN(1,6),TipoIntersección!A:C,3,0) -> Cruce en T | K7: Sí | L7: =VLOOKUP(RANDBETWEEN(1,6),Limitevelocidad!A:C,3,0) -> 50 | M7: =RANDBETWEEN(5000,50000) -> 20005
A8: 7 | B8: INT007 | C8: Intersección 7 | D8: Bucaramanga | E8: #VALUE! | F8: =VLOOKUP(RANDBETWEEN(1,5),EstadoVia!A:C,3,0) -> Bueno | G8: 5.187 | H8: -71.957 | I8: =VLOOKUP(RANDBETWEEN(1,6),TipoVia!A:C,3,0) -> Colectora | J8: =VLOOKUP(RANDBETWEEN(1,6),TipoIntersección!A:C,3,0) -> Intercambiador vial | K8: No | L8: =VLOOKUP(RANDBETWEEN(1,6),Limitevelocidad!A:C,3,0) -> 80 | M8: =RANDBETWEEN(5000,50000) -> 34317
A9: 8 | B9: INT008 | C9: Intersección 8 | D9: Cartagena | E9: #VALUE! | F9: =VLOOKUP(RANDBETWEEN(1,5),EstadoVia!A:C,3,0) -> Malo | G9: 5.943 | H9: -73.605 | I9: =VLOOKUP(RANDBETWEEN(1,6),TipoVia!A:C,3,0) -> Local | J9: =VLOOKUP(RANDBETWEEN(1,6),TipoIntersección!A:C,3,0) -> Cruce en X | K9: Sí | L9: =VLOOKUP(RANDBETWEEN(1,6),Limitevelocidad!A:C,3,0) -> 100 | M9: =RANDBETWEEN(5000,50000) -> 12794
A10: 9 | B10: INT009 | C10: Intersección 9 | D10: Barranquilla | E10: #VALUE! | F10: =VLOOKUP(RANDBETWEEN(1,5),EstadoVia!A:C,3,0) -> Malo | G10: 5.067 | H10: -72.496 | I10: =VLOOKUP(RANDBETWEEN(1,6),TipoVia!A:C,3,0) -> Colectora | J10: =VLOOKUP(RANDBETWEEN(1,6),TipoIntersección!A:C,3,0) -> Intercambiador vial | K10: Sí | L10: =VLOOKUP(RANDBETWEEN(1,6),Limitevelocidad!A:C,3,0) -> 100 | M10: =RANDBETWEEN(5000,50000) -> 45523
A11: 10 | B11: INT010 | C11: Intersección 10 | D11: Santa Marta | E11: #VALUE! | F11: =VLOOKUP(RANDBETWEEN(1,5),EstadoVia!A:C,3,0) -> Bueno | G11: 5.483 | H11: -71.365 | I11: =VLOOKUP(RANDBETWEEN(1,6),TipoVia!A:C,3,0) -> Avenida | J11: =VLOOKUP(RANDBETWEEN(1,6),TipoIntersección!A:C,3,0) -> Intercambiador vial | K11: Sí | L11: =VLOOKUP(RANDBETWEEN(1,6),Limitevelocidad!A:C,3,0) -> 40 | M11: =RANDBETWEEN(5000,50000) -> 45488
A12: 11 | B12: INT011 | C12: Intersección 11 | D12: Medellín | E12: #VALUE! | F12: =VLOOKUP(RANDBETWEEN(1,5),EstadoVia!A:C,3,0) -> Malo | G12: 5.308 | H12: -72.552 | I12: =VLOOKUP(RANDBETWEEN(1,6),TipoVia!A:C,3,0) -> Local | J12: =VLOOKUP(RANDBETWEEN(1,6),TipoIntersección!A:C,3,0) -> Paso a desnivel | K12: No | L12: =VLOOKUP(RANDBETWEEN(1,6),Limitevelocidad!A:C,3,0) -> 60 | M12: =RANDBETWEEN(5000,50000) -> 46666
A13: 12 | B13: INT012 | C13: Intersección 12 | D13: Medellín | E13: #VALUE! | F13: =VLOOKUP(RANDBETWEEN(1,5),EstadoVia!A:C,3,0) -> Regular | G13: 6.607 | H13: -73.182 | I13: =VLOOKUP(RANDBETWEEN(1,6),TipoVia!A:C,3,0) -> Carretera nacional | J13: =VLOOKUP(RANDBETWEEN(1,6),TipoIntersección!A:C,3,0) -> Paso a desnivel | K13: No | L13: =VLOOKUP(RANDBETWEEN(1,6),Limitevelocidad!A:C,3,0) -> 80 | M13: =RANDBETWEEN(5000,50000) -> 29805
... A101: 100 | B101: INT100 | C101: Intersección 100 | D101: Puerto Estrella | E101: #VALUE! | F101: =VLOOKUP(RANDBETWEEN(1,5),EstadoVia!A:C,3,0) -> Bueno | G101: 5.4823194 | H101: -73.336093 | I101: =VLOOKUP(RANDBETWEEN(1,6),TipoVia!A:C,3,0) -> Autopista | J101: =VLOOKUP(RANDBETWEEN(1,6),TipoIntersección!A:C,3,0) -> Intercambiador vial | K101: No | L101: =VLOOKUP(RANDBETWEEN(1,6),Limitevelocidad!A:C,3,0) -> 60 | M101: =RANDBETWEEN(5000,50000) -> 8246

Sheet TipoAccidente
A1: # | B1: IdTipoAccidente | C1: TipoAccidente
A2: 1 | B2: TA01 | C2: Choque entre vehículos
A3: 2 | B3: TA02 | C3: Atropello
A4: 3 | B4: TA03 | C4: Volcamiento
A5: 4 | B5: TA05 | C5: Colisión con objeto fijo
A6: 5 | B6: TA06 | C6: Salida de vía

Sheet EstadoVia
A1: # | B1: IdEstadoVia | C1: Estado
A2: 1 | B2: EV01 | C2: Excelente
A3: 2 | B3: EV02 | C3: Bueno
A4: 3 | B4: EV03 | C4: Regular
A5: 4 | B5: EV04 | C5: Malo
A6: 5 | B6: EV05 | C6: En mantenimiento

Sheet TipoVia
A1: # | B1: IdTipoVia | C1: Tipo de vía
A2: 1 | B2: TV01 | C2: Arterial
A3: =A2+1 -> 2 | B3: TV02 | C3: Colectora
A4: =A3+1 -> 3 | B4: TV03 | C4: Local
A5: =A4+1 -> 4 | B5: TV04 | C5: Autopista
A6: =A5+1 -> 5 | B6: TV05 | C6: Avenida
A7: =A6+1 -> 6 | B7: TV06 | C7: Carretera nacional

Sheet TipoAutomovilResponsable
A1: # | B1: IdTipoVehiculo | C1: Tipo
A2: 1 | B2: V01 | C2: Automóvil
A3: =A2+1 -> 2 | B3: V02 | C3: Motocicleta
A4: =A3+1 -> 3 | B4: V03 | C4: Bus
A5: =A4+1 -> 4 | B5: V04 | C5: Camión
A6: =A5+1 -> 5 | B6: V05 | C6: Bicicleta
A7: =A6+1 -> 6 | B7: V06 | C7: Taxi
A8: =A7+1 -> 7 | B8: V07 | C8: Camioneta
A9: =A8+1 -> 8 | B9: V08 | C9: Tractocamión

Sheet TipoIntersección
A1: # | B1: IdTipoInterseccion | C1: Tipo
A2: 1 | B2: TI01 | C2: Cruce en X
A3: =A2+1 -> 2 | B3: TI02 | C3: Cruce en T
A4: =A3+1 -> 3 | B4: TI03 | C4: Glorieta
A5: =A4+1 -> 4 | B5: TI04 | C5: Retorno
A6: =A5+1 -> 5 | B6: TI05 | C6: Paso a desnivel
A7: =A6+1 -> 6 | B7: TI06 | C7: Intercambiador vial

Sheet Limitevelocidad
A1: # | B1: IdLimite | C1: Límite (km/h)
A2: 1 | B2: LV01 | C2: 30
A3: =A2+1 -> 2 | B3: LV02 | C3: 40
A4: =A3+1 -> 3 | B4: LV03 | C4: 50
A5: =A4+1 -> 4 | B5: LV04 | C5: 60
A6: =A5+1 -> 5 | B6: LV05 | C6: 80
A7: =A6+1 -> 6 | B7: LV06 | C7: 100

Sheet TipoClima
A1: # | B1: IdClima | C1: Condición
A2: 1 | B2: C01 | C2: Soleado
A3: 2 | B3: C02 | C3: Nublado
A4: 3 | B4: C03 | C4: Lluvia ligera
A5: 4 | B5: C04 | C5: Lluvia intensa
A6: 5 | B6: C05 | C6: Neblina
A7: 6 | B7: C06 | C7: Viento fuerte

Sheet Ciudades
A1: IdCiudad | B1: Ciudades | C1: Departamento
A2: 1 | B2: Bogotá | C2: #VALUE!
A3: 2 | B3: Manizales | C3: #VALUE!
A4: =A3+1 -> 3 | B4: Cúcuta | C4: #VALUE!
A5: =A4+1 -> 4 | B5: Medellín | C5: #VALUE!
A6: =A5+1 -> 5 | B6: Villavicencio | C6: #VALUE!
A7: =A6+1 -> 6 | B7: Bucaramanga | C7: #VALUE!
A8: =A7+1 -> 7 | B8: Santa Marta | C8: #VALUE!
A9: =A8+1 -> 8 | B9: Barranquilla | C9: #VALUE!
A10: =A9+1 -> 9 | B10: Cali | C10: #VALUE!
A11: =A10+1 -> 10 | B11: Pereira | C11: #VALUE!
A12: =A11+1 -> 11 | B12: Cartagena | C12: #VALUE!
A13: =A12+1 -> 12 | B13: Puerto Estrella | C13: #VALUE!
